{
  "Update Products" : {
    "transaction" : "Update Products",
    "sampleCount" : 10,
    "errorCount" : 0,
    "errorPct" : 0.0,
    "meanResTime" : 7.699999999999999,
    "medianResTime" : 7.0,
    "minResTime" : 4.0,
    "maxResTime" : 12.0,
    "pct1ResTime" : 11.9,
    "pct2ResTime" : 12.0,
    "pct3ResTime" : 12.0,
    "throughput" : 1.1519410206197442,
    "receivedKBytesPerSec" : 1.8473804141227972,
    "sentKBytesPerSec" : 0.22498848058979382
  },
  "Total" : {
    "transaction" : "Total",
    "sampleCount" : 50,
    "errorCount" : 0,
    "errorPct" : 0.0,
    "meanResTime" : 17.420000000000005,
    "medianResTime" : 10.0,
    "minResTime" : 3.0,
    "maxResTime" : 241.0,
    "pct1ResTime" : 39.59999999999998,
    "pct2ResTime" : 44.34999999999999,
    "pct3ResTime" : 241.0,
    "throughput" : 5.589714924538848,
    "receivedKBytesPerSec" : 24.396048770262716,
    "sentKBytesPerSec" : 0.9563652878703186
  },
  "GET Request without Any Param" : {
    "transaction" : "GET Request without Any Param",
    "sampleCount" : 10,
    "errorCount" : 0,
    "errorPct" : 0.0,
    "meanResTime" : 52.4,
    "medianResTime" : 34.0,
    "minResTime" : 18.0,
    "maxResTime" : 241.0,
    "pct1ResTime" : 221.50000000000006,
    "pct2ResTime" : 241.0,
    "pct3ResTime" : 241.0,
    "throughput" : 1.1209505660800358,
    "receivedKBytesPerSec" : 2.8420037691962787,
    "sentKBytesPerSec" : 0.13574010761125435
  },
  "Delete Products" : {
    "transaction" : "Delete Products",
    "sampleCount" : 10,
    "errorCount" : 0,
    "errorPct" : 0.0,
    "meanResTime" : 7.399999999999999,
    "medianResTime" : 6.0,
    "minResTime" : 5.0,
    "maxResTime" : 12.0,
    "pct1ResTime" : 11.8,
    "pct2ResTime" : 12.0,
    "pct3ResTime" : 12.0,
    "throughput" : 1.151808339092375,
    "receivedKBytesPerSec" : 2.983228590762497,
    "sentKBytesPerSec" : 0.23621069454042845
  },
  "Post Products with Body" : {
    "transaction" : "Post Products with Body",
    "sampleCount" : 10,
    "errorCount" : 0,
    "errorPct" : 0.0,
    "meanResTime" : 7.4,
    "medianResTime" : 6.0,
    "minResTime" : 3.0,
    "maxResTime" : 12.0,
    "pct1ResTime" : 11.9,
    "pct2ResTime" : 12.0,
    "pct3ResTime" : 12.0,
    "throughput" : 1.1516756881262238,
    "receivedKBytesPerSec" : 1.2306284550270643,
    "sentKBytesPerSec" : 0.22943539099389612
  },
  "Get with Request Parameter" : {
    "transaction" : "Get with Request Parameter",
    "sampleCount" : 10,
    "errorCount" : 0,
    "errorPct" : 0.0,
    "meanResTime" : 12.200000000000001,
    "medianResTime" : 9.0,
    "minResTime" : 7.0,
    "maxResTime" : 19.0,
    "pct1ResTime" : 19.0,
    "pct2ResTime" : 19.0,
    "pct3ResTime" : 19.0,
    "throughput" : 1.1512779184895234,
    "receivedKBytesPerSec" : 16.146223088878656,
    "sentKBytesPerSec" : 0.15515268823393968
  }
}